{"_type":"DiGi.Geometry.Planar.Classes.Rectangle2D,DiGi.Geometry","Height":3.1781155789038165,"HeightDirection":{"_type":"DiGi.Geometry.Planar.Classes.Vector2D,DiGi.Geometry","X":-0.27413709680125775,"Y":-0.9616906218516317},"Origin":{"_type":"DiGi.Geometry.Planar.Classes.Point2D,DiGi.Geometry","X":274887.87964850327,"Y":393146.17505724943},"Width":1.3122235373361035}